surprise.SMTnews	2012test	0000	4.000	Last year he was wanted for murder.	Last year it was sought to murder.  
surprise.SMTnews	2012test	0001	5.000	Pro-market economists don't object to corporations that blatantly use snob appeal to promote their products.	Economists' not against the companies openly using the attractiveness of luxury to promote their products.
surprise.SMTnews	2012test	0002	5.000	And, perhaps most importantly, Ahmadinejad is a destabilizing influence; Bernanke is not.	And, perhaps the most important, Ahmadinejad destabilising influence, not bernanke.
surprise.SMTnews	2012test	0003	4.667	A Europe for All	All Europe
surprise.SMTnews	2012test	0004	4.500	Gays and other "modern" practices are rejected as self-indulgent.	The gay and other practical "Modern" are rejected, laws.
surprise.SMTnews	2012test	0005	5.000	Only a month ago, Mubarak dismissed demands for constitutional reform as "futile."	Only a month before, muybarak refused the demands of constitutional reform by taxing them with "futile.
surprise.SMTnews	2012test	0006	4.500	Only a month ago, Mubarak dismissed demands for constitutional reform as "futile."	Only one month before, Muybarak disrupted the demands of constitutional reform by taxing futile '.
surprise.SMTnews	2012test	0007	5.000	Iraq's future depends directly on the fate of Iraqi oil production.	The future of Iraq is linked to oil production of the country.
surprise.SMTnews	2012test	0008	4.000	Today's great Pax Europa and today's pan-European prosperity depend on this.	Large Pax Europa of today, just like current prosperity paneuropéenne, depends on it.
surprise.SMTnews	2012test	0009	4.500	This tendency extends deeper than headscarves.	This trend goes well beyond simple headscarves.
surprise.SMTnews	2012test	0010	4.000	More than that, the divisions are reproduced at the local level.	Beyond the geographical division, divisions recur locally.
surprise.SMTnews	2012test	0011	3.750	But if Europe's performance continues to decline, would this perception survive?	But can this image survive a continuation of the decline?
surprise.SMTnews	2012test	0012	2.200	But if Europe's performance continues to decline, would this perception survive?	But this image can survive a further decline?
surprise.SMTnews	2012test	0013	4.500	The People Versus Putin	Putin against people
surprise.SMTnews	2012test	0014	4.750	The old version of the European response--what psychologists might call "dollar envy"--will only become more acute.	The old version of the European response (what psychologists call "the envy of the dollar 'only become more pervasive.
surprise.SMTnews	2012test	0015	4.750	But the returns that make US stock markets so attractive reflect a delicate political balance.	But the returns which return the US markets of the transferable securities if attracting reflect a fragile political balance.
surprise.SMTnews	2012test	0016	4.000	Each side had quite different theories and explanations of what was going on.	Every leader had markedly different explanations and theories on the situation.
surprise.SMTnews	2012test	0017	5.000	The answer lies in the support that Indonesian pro-democracy activists can generate domestically and internationally.	The answer is in the support that the democratic activists indonésiens will be able to generate nationally and internationally.
surprise.SMTnews	2012test	0018	0.500	They are ignorant, poor, and sick.	They are for the moment.  
surprise.SMTnews	2012test	0019	4.500	Jobs, in particular, will help young people to create new lives through serious work.	The jobs, in particular, help the young to invent new forms of employment.  
surprise.SMTnews	2012test	0020	5.000	Iraq's future depends directly on the fate of Iraqi oil production.	The future of Iraq is related to the oil production of the country.
surprise.SMTnews	2012test	0021	4.250	In other areas, sharia law is being introduced by force.	In other areas, the sharia is imposed.
surprise.SMTnews	2012test	0022	4.750	Each time, radical improvements in technology made the threat evaporate.	Each time, radical technological progress made it off these threats.
surprise.SMTnews	2012test	0023	5.000	A prominent Chinese businessman who divides his time between Hong-Kong and London was even more specific.	A Chinese influential businessman who share his time between Hong Kong and London, was even more precise.
surprise.SMTnews	2012test	0024	4.750	The answer lies in the support that Indonesian pro-democracy activists can generate domestically and internationally.	The answer lies in the support that democratic activists Indonesians may generate drive and internationally.
surprise.SMTnews	2012test	0025	3.250	But the returns that make US stock markets so attractive reflect a delicate political balance.	But the returns which make the markets do not so attractive to reflect a fragile political equilibrium.  
surprise.SMTnews	2012test	0026	4.750	The questions are many.	There are many questions.  
surprise.SMTnews	2012test	0027	4.250	But US stock prices fell only 5.2% between May 9 and May 24.	However, the Americans have only a fall of 5.2% between 9 and on 24 may.  
surprise.SMTnews	2012test	0028	4.750	Each time, radical improvements in technology made the threat evaporate.	Each time, radical technological progress made slip these threats.
surprise.SMTnews	2012test	0029	4.750	Jobs, in particular, will help young people to create new lives through serious work.	Jobs, in particular, would help young people to forge new lives through serious jobs.
surprise.SMTnews	2012test	0030	4.500	None of this absolves rich countries of their responsibility to help.	This does not however emerging rich countries from their obligation to help.
surprise.SMTnews	2012test	0031	5.000	And, perhaps most importantly, Ahmadinejad is a destabilizing influence; Bernanke is not.	And, perhaps most important, Ahmadinejad exerts a destabilizing influence, not Bernanke.
surprise.SMTnews	2012test	0032	5.000	This has left the Conservative opposition without an effective response.	This leaves the opposition Conservative without any effective response.
surprise.SMTnews	2012test	0033	4.500	After all, they recommend the policies that politicians may or may not want to consider.	After all, they have recommended the policies that politicians will take into account.
surprise.SMTnews	2012test	0034	3.000	This gross error is leading Russia to political ruin.	And this mistake mistake is in the process of its political.  
surprise.SMTnews	2012test	0035	3.400	He did, but the initiative did not get very far.	What he has done without the initiative goes very far.
surprise.SMTnews	2012test	0036	4.500	The old version of the European response--what psychologists might call "dollar envy"--will only become more acute.	The old version of the European reaction (what the psychologists call “the desire of the dollar”) will become only more penetrating.
surprise.SMTnews	2012test	0037	3.800	Last year he was wanted for murder.	Last year it was required for murder.
surprise.SMTnews	2012test	0038	2.833	The Political Stock Market	The politicization of securities markets
surprise.SMTnews	2012test	0039	4.750	Each side had quite different theories and explanations of what was going on.	Every originator had theories and explanations appreciably different on the situation.
surprise.SMTnews	2012test	0040	4.750	Jobs, in particular, will help young people to create new lives through serious work.	The jobs, help young people to forge new lives through serious jobs.
surprise.SMTnews	2012test	0041	4.500	Tocqueville believed that there are no effective long-term constraints on this tendency.	Tocqueville believed that in the long term, nothing can oppose really this trend.
surprise.SMTnews	2012test	0042	5.000	What we are witnessing today is a shift from a Muslim identity to an Islamist identity.	We are witnessing today to change a Muslim identity for an Islamic identity.
surprise.SMTnews	2012test	0043	4.250	A defeat on Alstom would have profound consequences in Europe--and not only for competition policy.	On the question of losing Alstom would have serious repercussions in Europe and not just for the policies on competition.
surprise.SMTnews	2012test	0044	5.000	Today's great Pax Europa and today's pan-European prosperity depend on this.	The large Europa Pax today, just as the current pan-European prosperity, depends on it.
surprise.SMTnews	2012test	0045	3.600	Last year he was wanted for murder.	Last year it was sought for murder.
surprise.SMTnews	2012test	0046	0.500	What we are witnessing today is a shift from a Muslim identity to an Islamist identity.	In the absence of a change of associations.  
surprise.SMTnews	2012test	0047	2.200	But if Europe's performance continues to decline, would this perception survive?	But this image can survive a further decline?
surprise.SMTnews	2012test	0048	5.000	Today's great Pax Europa and today's pan-European prosperity depend on this.	The great Pax Europa today, as the current pan-European prosperity, depends on it.
surprise.SMTnews	2012test	0049	5.000	This has left the Conservative opposition without an effective response.	That leaves the conservative opposition without effective response.
surprise.SMTnews	2012test	0050	4.667	A defeat on Alstom would have profound consequences in Europe--and not only for competition policy.	Losing on the question of Alstom would have serious repercussions in Europe and not just for policies on competition.
surprise.SMTnews	2012test	0051	4.750	But the returns that make US stock markets so attractive reflect a delicate political balance.	But returns which make American securities markets if attractive reflect a fragile political balance.
surprise.SMTnews	2012test	0052	4.250	Only a month ago, Mubarak dismissed demands for constitutional reform as "futile."	Only a month before, muybarak applications of constitutional reform disrupted were "futile."
surprise.SMTnews	2012test	0053	5.000	Indeed, intolerance goes right to the top of the Turkish government.	It is undeniable that intolerance reached until the meetings the Turkish Government.
surprise.SMTnews	2012test	0054	5.000	None of this absolves rich countries of their responsibility to help.	This does not however absolve the rich countries of their obligation to help.
surprise.SMTnews	2012test	0055	4.750	Indeed, the French philosopher Marcel Gauchet entitled a recent book Democracy Against Itself.	We can also note that the French philosopher Marcel Gauchet has called one of these recent books democracy against itself.
surprise.SMTnews	2012test	0056	4.500	After all, they recommend the policies that politicians may or may not want to consider.	After all, they have recommended the policies that the politicians or not consideration.
surprise.SMTnews	2012test	0057	4.750	That is the spirit in which the European Constitution must be written.	This is the spirit in which must be drawn up the European Constitution.
surprise.SMTnews	2012test	0058	4.500	Each side had quite different theories and explanations of what was going on.	Each player had markedly different theories and explanations on the situation.
surprise.SMTnews	2012test	0059	2.500	The book's success is itself a sign of a kind of "malaise."	The success of the book is in itself a sign of Israel ".  
surprise.SMTnews	2012test	0060	1.750	Putin, too, also seems to suspect his regime's impotence.	And, also, of his regime.  
surprise.SMTnews	2012test	0061	2.750	But if Europe's performance continues to decline, would this perception survive?	But can this image survive a pursuit of decline?
surprise.SMTnews	2012test	0062	2.250	The Political Stock Market	The politicization of securities market
surprise.SMTnews	2012test	0063	5.000	Western Europeans, who have been spared this legacy, should heed our warnings.	The western Europeans, who have forgotten this history, should heed our warnings.
surprise.SMTnews	2012test	0064	3.750	None of this absolves rich countries of their responsibility to help.	That does not release however the rich countries of their obligation to help.
surprise.SMTnews	2012test	0065	4.000	They are ignorant, poor, and sick.	They are culture, poor and sick.
surprise.SMTnews	2012test	0066	4.000	Those who know little about modern factory farming may wonder why such legislation would be necessary.	Those who do not know the intensive farming methods will be astonished perhaps the need for such legislation.
surprise.SMTnews	2012test	0067	4.750	Today there are two plausible ways to proceed against a deposed tyrant.	Today there are two ways plausible proceeding against a tyrant deposed.
surprise.SMTnews	2012test	0068	5.000	Yet a process of de-institutionalization of religious experience is also taking place within Islam.	However, a process of de-institutionalisation of the religious experience is also happening within Islam.
surprise.SMTnews	2012test	0069	5.000	Ahmadinejad is embarking on an adventure; Bernanke is not.	Ahmadinejad are embarking on an adventure, not Bernanke.
surprise.SMTnews	2012test	0070	4.500	Other ways are needed.	It is necessary to find other means.  
surprise.SMTnews	2012test	0071	4.250	Foremost among these is that economic development is largely in the hands of poor nations themselves.	At the forefront of these lessons we find that economic development is left largely in the hands of poor nations themselves.
surprise.SMTnews	2012test	0072	5.000	A Europe for All	Europe for all
surprise.SMTnews	2012test	0073	5.000	This has left the Conservative opposition without an effective response.	This leaves the conservative opposition without any effective response.
surprise.SMTnews	2012test	0074	4.750	Today there are two plausible ways to proceed against a deposed tyrant.	Today there are two plausible ways to proceed with regard to a relieved tyrant.
surprise.SMTnews	2012test	0075	4.500	Pro-market economists don't object to corporations that blatantly use snob appeal to promote their products.	Economists pro-marché not contradictory businesses that use openly the attraction of luxury to promote their products.
surprise.SMTnews	2012test	0076	5.000	But America's interest in Iraqi oil was not driven either by economics or energy policy.	But the interest of America for Iraqi oil is not dictated by the economy or the energy policy.
surprise.SMTnews	2012test	0077	5.000	A prominent Chinese businessman who divides his time between Hong-Kong and London was even more specific.	A businessman Chinese influential, which shares his time between Hong Kong and London, was even more specific.
surprise.SMTnews	2012test	0078	4.800	Some results are remarkable.	Some are noteworthy results.
surprise.SMTnews	2012test	0079	5.000	None of this absolves rich countries of their responsibility to help.	But that does not detract rich countries from their obligation to help.
surprise.SMTnews	2012test	0080	3.400	He did, but the initiative did not get very far.	What he has done without the initiative goes very far.
surprise.SMTnews	2012test	0081	5.000	Yet a process of de-institutionalization of religious experience is also taking place within Islam.	However, a process of de-institutionalisation religious experience is also happening within Islam.
surprise.SMTnews	2012test	0082	5.000	But from the American point of view, the international role of the dollar was a trap.	But the American point of view, the international role of the dollar was a trap.
surprise.SMTnews	2012test	0083	5.000	Being a Muslim and being an Islamist are not the same thing.	To be Muslim and be Islamiste are two different things.
surprise.SMTnews	2012test	0084	5.000	Putin's Russia has already lost 12 leading journalists to murder in the past six years.	Putin's Russia has already lost 12 prominent journalists, murdered in the last six years.
surprise.SMTnews	2012test	0085	3.750	But US stock prices fell only 5.2% between May 9 and May 24.	However, the American courses did not show that a fall of 5,2% between the 9 and on May 24.
surprise.SMTnews	2012test	0086	5.000	Indeed, the French philosopher Marcel Gauchet entitled a recent book Democracy Against Itself.	We can also note the French philosopher Marcel Gauchet entitled, one of these recent books against democracy itself.
surprise.SMTnews	2012test	0087	4.600	This is a clear if implicit repudiation of Mubarak, the sole ruler for 24 years.	This is an implicit but clear repudiation of Mubarak, only Head of State for 24 years.
surprise.SMTnews	2012test	0088	4.750	Foremost among these is that economic development is largely in the hands of poor nations themselves.	At the forefront of these lessons, we learn that economic development is largely left in the hands of poor nations themselves.
surprise.SMTnews	2012test	0089	4.800	Some results are remarkable.	Some are noteworthy results.
surprise.SMTnews	2012test	0090	4.000	Will it give us the right to divorce the husbands who abandon us?	They would give the right to divorce the husbands who would have abandoned them?
surprise.SMTnews	2012test	0091	3.750	But US stock prices fell only 5.2% between May 9 and May 24.	Yet, the Americans have accused a lowering of 5.2% between 9 and 24 May.
surprise.SMTnews	2012test	0092	4.714	A Europe for All	A Europe for all
surprise.SMTnews	2012test	0093	5.000	Putin's Russia has already lost 12 leading journalists to murder in the past six years.	The Russia of Putin has already lost 12 prominent journalists, murdered during the last six years.
surprise.SMTnews	2012test	0094	4.600	The answer lies in the support that Indonesian pro-democracy activists can generate domestically and internationally.	The answer lies in the support that the Indonesian democrats will generate activists domestically and internationally.
surprise.SMTnews	2012test	0095	3.200	But US stock prices fell only 5.2% between May 9 and May 24.	But the US prices did not show that a decline in 5.2% between 9 and 24 May.
surprise.SMTnews	2012test	0096	4.500	That is the spirit in which the European Constitution must be written.	That is the spirit in which the European Constitution should be developed.
surprise.SMTnews	2012test	0097	4.000	But US stock prices fell only 5.2% between May 9 and May 24.	Yet the US courts have indicted that a reduction of 5.2% between 9 and 24 May.
surprise.SMTnews	2012test	0098	3.000	Will it give us the right to divorce the husbands who abandon us?	Their donnerait-elle the right to divorce spouses who would have abandoned?
surprise.SMTnews	2012test	0099	4.600	Other ways are needed.	Other means should be found.
surprise.SMTnews	2012test	0100	2.250	Yet a process of de-institutionalization of religious experience is also taking place within Islam.	However, a process of the United States and also within Islam.  
surprise.SMTnews	2012test	0101	4.000	But America's interest in Iraqi oil was not driven either by economics or energy policy.	But the interests of America for Iraqi oil is dictated by the economy or the energy policy.
surprise.SMTnews	2012test	0102	4.400	Other ways are needed.	We must find other ways.
surprise.SMTnews	2012test	0103	2.833	The Political Stock Market	The politicization of securities markets
surprise.SMTnews	2012test	0104	2.750	But America's interest in Iraqi oil was not driven either by economics or energy policy.	But the interests of the Iraqi people is not dictated by the economy or by energy policy.  
surprise.SMTnews	2012test	0105	4.750	This gross error is leading Russia to political ruin.	And this gross mistake is conducting Russia policy to his downfall.
surprise.SMTnews	2012test	0106	5.000	And, perhaps most importantly, Ahmadinejad is a destabilizing influence; Bernanke is not.	And, perhaps most important, Ahmadinejad has destabilizing influence, not Bernanke
surprise.SMTnews	2012test	0107	5.000	Each time, radical improvements in technology made the threat evaporate.	Each time, radical technological progress off these threats.
surprise.SMTnews	2012test	0108	5.000	What we are witnessing today is a shift from a Muslim identity to an Islamist identity.	We are witnessing today to change a Muslim identity for an Islamic identity.
surprise.SMTnews	2012test	0109	3.750	The bottom line is that when interest rates rise, asset values will fall.	The most important thing is that when interest rates go up, the values of the active fall.
surprise.SMTnews	2012test	0110	4.250	Each time, radical improvements in technology made the threat evaporate.	Each time, technological progress radicals have made these threats slip.
surprise.SMTnews	2012test	0111	4.750	That is the spirit in which the European Constitution must be written.	It is in that spirit must be developed the European Constitution.
surprise.SMTnews	2012test	0112	5.000	But from the American point of view, the international role of the dollar was a trap.	But the US point of view, the international role of the dollar was a trap.
surprise.SMTnews	2012test	0113	4.500	This tendency extends deeper than headscarves.	This trend goes well beyond simple scarves.
surprise.SMTnews	2012test	0114	4.400	Other ways are needed.	We must find other ways.
surprise.SMTnews	2012test	0115	5.000	Putin's Russia has already lost 12 leading journalists to murder in the past six years.	Russia of Putin already lost 12 eminent journalists, assassinated during the six last years.
surprise.SMTnews	2012test	0116	4.750	The book's success is itself a sign of a kind of "malaise."	The success of books is itself a sign of ‘ malaise ’.
surprise.SMTnews	2012test	0117	4.600	They are ignorant, poor, and sick.	They are uncultivated, poor and sick.
surprise.SMTnews	2012test	0118	3.750	The president has fewer powers than it seems, overshadowed particularly by Supreme Guide Ayatollah Ali Khamenei.	The president has less of capacities than it does not appear to with it, and it particuli�rement is particuli�rement eclipsed by the guide supr�me the Ayatollah Ali Khamenei.
surprise.SMTnews	2012test	0119	4.750	Indeed, intolerance goes right to the top of the Turkish government.	It is indisputable that reaches to the Turkish government.  
surprise.SMTnews	2012test	0120	4.750	A prominent Chinese businessman who divides his time between Hong-Kong and London was even more specific.	A business Chinese influence, which shares his time between Hong Kong and London, was more precise.
surprise.SMTnews	2012test	0121	5.000	The book's success is itself a sign of a kind of "malaise."	The success of the book is in itself a sign of "malaise.
surprise.SMTnews	2012test	0122	2.250	The Political Stock Market	Politicization of the securities markets
surprise.SMTnews	2012test	0123	4.500	Tocqueville believed that there are no effective long-term constraints on this tendency.	Tocqueville thought in the long run, nothing can be really opposed this trend.
surprise.SMTnews	2012test	0124	4.750	Tocqueville believed that there are no effective long-term constraints on this tendency.	Tocqueville believed that in the long term, nothing can actually oppose this trend.
surprise.SMTnews	2012test	0125	4.750	Moreover, the main oil exporters are unwilling to subordinate their investment policies to market requirements.	Who more is, the large oil exporters are not been willing to subject their policies of investment to the market rates.
surprise.SMTnews	2012test	0126	4.800	They are ignorant, poor, and sick.	They are poor, sick and uncultivated.
surprise.SMTnews	2012test	0127	4.250	Pro-market economists don't object to corporations that blatantly use snob appeal to promote their products.	The economists, does not include the companies which use the attraction of luxury to promote their products.  
surprise.SMTnews	2012test	0128	2.500	The Political Stock Market	The politicisation of the securities markets  
surprise.SMTnews	2012test	0129	5.000	A prominent Chinese businessman who divides his time between Hong-Kong and London was even more specific.	An influential Chinese business man, who shares his time between HongKong and London, was even more precise.
surprise.SMTnews	2012test	0130	5.000	Moreover, the main oil exporters are unwilling to subordinate their investment policies to market requirements.	Moreover, the major exporters of oil are not prepared to submit their investment policies to market conditions.
surprise.SMTnews	2012test	0131	5.000	Western Europeans, who have been spared this legacy, should heed our warnings.	The Western Europeans, who have forgotten this story, should take account of our warnings.
surprise.SMTnews	2012test	0132	3.500	What we are witnessing today is a shift from a Muslim identity to an Islamist identity.	Today we are to change a Muslim identity for Islamic identity.
surprise.SMTnews	2012test	0133	4.250	Only a month ago, Mubarak dismissed demands for constitutional reform as "futile."	Only one month before, Muybarak refused the demands of constitutional reform by taxing them with “futile”.
surprise.SMTnews	2012test	0134	4.250	It then appointed a task force to formulate the necessary changes in tax and spending policies.	He has appointed a working party to make the necessary changes to the policies of public spending and fiscal policies.
surprise.SMTnews	2012test	0135	4.000	Those who know little about modern factory farming may wonder why such legislation would be necessary.	Those who do not know the intensive methods surprised the necessity of such legislation.  
surprise.SMTnews	2012test	0136	0.250	Being a Muslim and being an Islamist are not the same thing.	It is necessary to are two different things.  
surprise.SMTnews	2012test	0137	4.250	It then appointed a task force to formulate the necessary changes in tax and spending policies.	It has appointed a working Group responsible for drawing the necessary changes to bring to public expenditure and fiscal policies.  
surprise.SMTnews	2012test	0138	5.000	Some results are remarkable.	Certain results are remarkable.
surprise.SMTnews	2012test	0139	3.750	But, like the Union itself, it will be built and it will be done.	But as the European Union itself, and it will build it.
surprise.SMTnews	2012test	0140	3.750	Will it give us the right to divorce the husbands who abandon us?	They give it the right to divorce the husband who have abandoned?
surprise.SMTnews	2012test	0141	5.000	After all, they recommend the policies that politicians may or may not want to consider.	After all, they recommended the policies which the politicians take or not into account.
surprise.SMTnews	2012test	0142	2.750	Today there are two plausible ways to proceed against a deposed tyrant.	Today there are two ways of proceeding to the origins.  
surprise.SMTnews	2012test	0143	4.750	In other areas, sharia law is being introduced by force.	In other areas, the Sharia is imposed.  
surprise.SMTnews	2012test	0144	1.750	But if Europe's performance continues to decline, would this perception survive?	But this picture can survive in a European?  
surprise.SMTnews	2012test	0145	4.500	This tendency extends deeper than headscarves.	This trend goes well beyond simple headscarves.
surprise.SMTnews	2012test	0146	3.500	But, like the Union itself, it will be built and it will be done.	But as the European Union itself, build and happen.
surprise.SMTnews	2012test	0147	4.500	The president has fewer powers than it seems, overshadowed particularly by Supreme Guide Ayatollah Ali Khamenei.	The President has fewer powers than it seems, and it is particuli failure to overshadowed by the Supreme Leader Ayatollah Ali Khamenei.
surprise.SMTnews	2012test	0148	4.750	Jobs, in particular, will help young people to create new lives through serious work.	The jobs, in particular, would help young people to forge new lives in jobs serious.
surprise.SMTnews	2012test	0149	5.000	Western Europeans, who have been spared this legacy, should heed our warnings.	Western Europeans, who have forgotten this story, should heed our warnings.
surprise.SMTnews	2012test	0150	5.000	This gross error is leading Russia to political ruin.	And this big mistake is leading Russia to its political ruin.
surprise.SMTnews	2012test	0151	4.750	Today's great Pax Europa and today's pan-European prosperity depend on this.	The great Pax Europa today, as the current pan-European prosperity, depends.
surprise.SMTnews	2012test	0152	4.000	But, like the Union itself, it will be built and it will be done.	But as the European Union itself, this will be built and this will happen.
surprise.SMTnews	2012test	0153	5.000	Western Europeans, who have been spared this legacy, should heed our warnings.	The Western Europeans, who have forgotten this history, should take account of our warnings.  
surprise.SMTnews	2012test	0154	5.000	Western Europeans, who have been spared this legacy, should heed our warnings.	Western Europeans, who have forgotten this history, should take account of our warnings.
surprise.SMTnews	2012test	0155	4.500	That is the spirit in which the European Constitution must be written.	That is the spirit in which must be worked out the European Constitution.  
surprise.SMTnews	2012test	0156	5.000	Putin's Russia has already lost 12 leading journalists to murder in the past six years.	Putin's Russia already lost 12 prominent journalists, murdered during the past six years.
surprise.SMTnews	2012test	0157	4.750	The president has fewer powers than it seems, overshadowed particularly by Supreme Guide Ayatollah Ali Khamenei.	The President has less powers than it seems, and it is particuli to rement overshadowed by the ayatollahs supr to guide me Ali Khamenei.
surprise.SMTnews	2012test	0158	5.000	After all, they recommend the policies that politicians may or may not want to consider.	After all, they recommended policies that politicians or not take into account.
surprise.SMTnews	2012test	0159	5.000	The People Versus Putin	The people against Putin
surprise.SMTnews	2012test	0160	4.750	Tocqueville believed that there are no effective long-term constraints on this tendency.	Tocqueville believed that in the long term, nothing can oppose really to this trend.
surprise.SMTnews	2012test	0161	4.250	The questions are many.	Many questions are.
surprise.SMTnews	2012test	0162	4.250	But they were necessary.	But they are necessary.
surprise.SMTnews	2012test	0163	4.750	Moreover, the main oil exporters are unwilling to subordinate their investment policies to market requirements.	Moreover, the major oil exporters are not willing to submit their investment policies to market conditions.
surprise.SMTnews	2012test	0164	5.000	But from the American point of view, the international role of the dollar was a trap.	But from the American point of view, the international role of the dollar was a trap.
surprise.SMTnews	2012test	0165	4.500	Foremost among these is that economic development is largely in the hands of poor nations themselves.	In the foreground of these lessons, one discovers that economic development is left mainly in the hands of the poor nations themselves.
surprise.SMTnews	2012test	0166	3.500	And, perhaps most importantly, Ahmadinejad is a destabilizing influence; Bernanke is not.	And, perhaps the most important, Ahmadinejad affects destabilizing, Bernanke.
surprise.SMTnews	2012test	0167	2.750	The bottom line is that when interest rates rise, asset values will fall.	The key is that when interest rates are falling, the values of the active.
surprise.SMTnews	2012test	0168	3.750	After all, they recommend the policies that politicians may or may not want to consider.	After all, they have policies that take or no consideration.  
surprise.SMTnews	2012test	0169	3.500	Gays and other "modern" practices are rejected as self-indulgent.	The gay and other ‘ modern ’ practices are rejected because nombrilistes.
surprise.SMTnews	2012test	0170	5.000	Western Europeans, who have been spared this legacy, should heed our warnings.	Europeans of the West, who forgot this history, should take account of our warning statements.
surprise.SMTnews	2012test	0171	4.500	Indeed, intolerance goes right to the top of the Turkish government.	It is undeniable that intolerance reached at summits of the Turkish Government.
surprise.SMTnews	2012test	0172	4.750	This has left the Conservative opposition without an effective response.	That leaves the conservative opposition without any effective answer.
surprise.SMTnews	2012test	0173	5.000	The answer lies in the support that Indonesian pro-democracy activists can generate domestically and internationally.	The answer lies in the support that the Indonesian democrats activists will generate national and internationally.
surprise.SMTnews	2012test	0174	4.400	Putin, too, also seems to suspect his regime's impotence.	Putin, too, seems suspect the powerlessness of his regime.
surprise.SMTnews	2012test	0175	4.250	Pro-market economists don't object to corporations that blatantly use snob appeal to promote their products.	Economists pro-marché companies which do not stand openly using the attractiveness of luxury to promote their products.
surprise.SMTnews	2012test	0176	4.500	Each time, radical improvements in technology made the threat evaporate.	Every time, technological progress to fly these threats.  
surprise.SMTnews	2012test	0177	4.750	Western Europeans, who have been spared this legacy, should heed our warnings.	Western Europeans, who have forgotten this history, should heed our warnings.
surprise.SMTnews	2012test	0178	4.250	It then appointed a task force to formulate the necessary changes in tax and spending policies.	He then appointed a working group to formulate the necessary changes to the policy of public spending and the fiscal policies.
surprise.SMTnews	2012test	0179	3.800	Last year he was wanted for murder.	Last year it was required for murder.
surprise.SMTnews	2012test	0180	4.500	Each side had quite different theories and explanations of what was going on.	Every originator had theories and explanations significantly different on the situation.  
surprise.SMTnews	2012test	0181	4.500	Today there are two plausible ways to proceed against a deposed tyrant.	Today there are two plausible ways to proceed as regards a burden tyrant.
surprise.SMTnews	2012test	0182	4.250	Today's great Pax Europa and today's pan-European prosperity depend on this.	The large Europa of today, just as the prosperity, depends on it.  
surprise.SMTnews	2012test	0183	5.000	Yet a process of de-institutionalization of religious experience is also taking place within Islam.	However, a process of de-institutionalisation of religious experience is also happening within Islam.
surprise.SMTnews	2012test	0184	4.250	Each time, radical improvements in technology made the threat evaporate.	Each time, of radical technological progress leave these threats.
surprise.SMTnews	2012test	0185	4.500	Putin's Russia has already lost 12 leading journalists to murder in the past six years.	Russia has already lost 12 distinguished journalists, murdered in the course of the past six years.  
surprise.SMTnews	2012test	0186	4.500	The old version of the European response--what psychologists might call "dollar envy"--will only become more acute.	The former version of the European reaction (what psychologists call "the envy dollar) only become more pénétrante.
surprise.SMTnews	2012test	0187	4.750	The People Versus Putin	People against Putin
surprise.SMTnews	2012test	0188	4.750	But the returns that make US stock markets so attractive reflect a delicate political balance.	But the returns which make the American securities markets if attractive reflect a fragile political balance.
surprise.SMTnews	2012test	0189	4.750	Today there are two plausible ways to proceed against a deposed tyrant.	Today there are two ways plausible to undertake a tyrant deposed.
surprise.SMTnews	2012test	0190	2.500	Only a month ago, Mubarak dismissed demands for constitutional reform as "futile."	Only a month before,, the demands of constitutional reform in the five ".  
surprise.SMTnews	2012test	0191	4.500	The president has fewer powers than it seems, overshadowed particularly by Supreme Guide Ayatollah Ali Khamenei.	The President has fewer powers that it seems, and it is particuli rement overshadowed by the supr guides me Ayatollah Ali Khamenei.
surprise.SMTnews	2012test	0192	3.500	The answer lies in the support that Indonesian pro-democracy activists can generate domestically and internationally.	The answer lies in the support that democratic activists Indonesia can generate nationalement and internationally.
surprise.SMTnews	2012test	0193	4.400	Putin, too, also seems to suspect his regime's impotence.	Putin, too, seems suspect the powerlessness of his regime.
surprise.SMTnews	2012test	0194	4.250	Each side had quite different theories and explanations of what was going on.	Each player had the theories and explanations markedly different situation.
surprise.SMTnews	2012test	0195	3.750	This gross error is leading Russia to political ruin.	And this gross error is conducting Russia to his downfall policy.
surprise.SMTnews	2012test	0196	4.750	It then appointed a task force to formulate the necessary changes in tax and spending policies.	Then appointed a working party to make the necessary changes to give the policies public spending and to fiscal policies.
surprise.SMTnews	2012test	0197	4.750	The People Versus Putin	The people against Putin  
surprise.SMTnews	2012test	0198	4.750	Pro-market economists don't object to corporations that blatantly use snob appeal to promote their products.	Economists pro-marché are not opposed to companies which openly using the attractiveness of luxury to promote their products.
surprise.SMTnews	2012test	0199	4.250	Gays and other "modern" practices are rejected as self-indulgent.	The gay and other practices modern 'are rejected, because navel-gazing.
surprise.SMTnews	2012test	0200	5.000	But they were necessary.	But they were necessary.
surprise.SMTnews	2012test	0201	2.833	The Political Stock Market	The politicization of securities markets
surprise.SMTnews	2012test	0202	5.000	The old version of the European response--what psychologists might call "dollar envy"--will only become more acute.	The old version of the European reaction (what psychologists call "the envy of the dollar ') will only more pervasive.
surprise.SMTnews	2012test	0203	5.000	The president has fewer powers than it seems, overshadowed particularly by Supreme Guide Ayatollah Ali Khamenei.	The President has powers than it appears, and it is particularly eclipsed by the Supreme Ali Khamenei.  
surprise.SMTnews	2012test	0204	4.750	And, perhaps most importantly, Ahmadinejad is a destabilizing influence; Bernanke is not.	And, perhaps most importantly, Ahmadinejad has an influence, not destabilizing Bernanke.
surprise.SMTnews	2012test	0205	4.750	The bottom line is that when interest rates rise, asset values will fall.	Essence, it is that when interest rates go up, the values of the credit fall.
surprise.SMTnews	2012test	0206	3.500	After all, they recommend the policies that politicians may or may not want to consider.	After all, they recommend the policies that politicians will take into account.
surprise.SMTnews	2012test	0207	5.000	The questions are many.	The questions are many.
surprise.SMTnews	2012test	0208	4.750	But the returns that make US stock markets so attractive reflect a delicate political balance.	But the returns that make American securities markets so attractive reflect a fragile political balance.
surprise.SMTnews	2012test	0209	4.000	Those who know little about modern factory farming may wonder why such legislation would be necessary.	Those who do not know the methods of intensive farming, will perhaps the need for such legislation.
surprise.SMTnews	2012test	0210	5.000	Being a Muslim and being an Islamist are not the same thing.	To be Muslim and islamiste are two different things.
surprise.SMTnews	2012test	0211	4.250	Those who know little about modern factory farming may wonder why such legislation would be necessary.	Those who do not know the intensive farming methods astonished perhaps the need for such legislation.
surprise.SMTnews	2012test	0212	4.800	The questions are many.	There are many questions.
surprise.SMTnews	2012test	0213	5.000	This is a clear if implicit repudiation of Mubarak, the sole ruler for 24 years.	This is an implicit répudiation but clear of Mubarak, only Head of State for 24 years.
surprise.SMTnews	2012test	0214	4.667	A defeat on Alstom would have profound consequences in Europe--and not only for competition policy.	Losing on the question of Alstom would have serious repercussions in Europe and not just for policies on competition.
surprise.SMTnews	2012test	0215	5.000	The questions are many.	The questions are numerous.
surprise.SMTnews	2012test	0216	4.250	Gays and other "modern" practices are rejected as self-indulgent.	Gays and other practices "modern ’ are rejected because among selfcentred.
surprise.SMTnews	2012test	0217	4.000	More than that, the divisions are reproduced at the local level.	Beyond the geographical division, the divisions occur locally.
surprise.SMTnews	2012test	0218	5.000	Putin's Russia has already lost 12 leading journalists to murder in the past six years.	Putin's Russia has already lost 12 distinguished journalists murdered during the past six years.
surprise.SMTnews	2012test	0219	0.250	Gays and other "modern" practices are rejected as self-indulgent.	The catch and other practices, because.  
surprise.SMTnews	2012test	0220	5.000	Jobs, in particular, will help young people to create new lives through serious work.	The jobs, in particular, would help young people to create new lives in serious jobs.
surprise.SMTnews	2012test	0221	3.600	Last year he was wanted for murder.	Last year it was sought for murder.
surprise.SMTnews	2012test	0222	4.250	Tocqueville believed that there are no effective long-term constraints on this tendency.	Thought that in the long term, nothing can actually to this trend.  
surprise.SMTnews	2012test	0223	4.750	Foremost among these is that economic development is largely in the hands of poor nations themselves.	In the forefront of these lessons, we discover that economic development is left largely in the hands of poor nations themselves.
surprise.SMTnews	2012test	0224	4.250	But, like the Union itself, it will be built and it will be done.	But just as the European Union itself, and that it will be done.  
surprise.SMTnews	2012test	0225	5.000	This gross error is leading Russia to political ruin.	And this serious error is taking to Russia to its ruin policy.
surprise.SMTnews	2012test	0226	5.000	But America's interest in Iraqi oil was not driven either by economics or energy policy.	But America's interest for Iraqi oil is not dictated by the economy or by energy policy.
surprise.SMTnews	2012test	0227	5.000	Some results are remarkable.	Some results are remarkable.
surprise.SMTnews	2012test	0228	4.714	A Europe for All	A Europe for all
surprise.SMTnews	2012test	0229	3.750	Those who know little about modern factory farming may wonder why such legislation would be necessary.	Perhaps those who do not know the methods of intensive farming will our by the need for such legislation.
surprise.SMTnews	2012test	0230	4.600	This is a clear if implicit repudiation of Mubarak, the sole ruler for 24 years.	This is an implicit but clear repudiation of Mubarak, only Head of State for 24 years.
surprise.SMTnews	2012test	0231	4.500	After all, they recommend the policies that politicians may or may not want to consider.	After all, they have recommended policies that politicians or taking into consideration.
surprise.SMTnews	2012test	0232	4.750	He did, but the initiative did not get very far.	He has done, that the initiative not go very far.
surprise.SMTnews	2012test	0233	2.000	Some results are remarkable.	Some results.  
surprise.SMTnews	2012test	0234	5.000	But from the American point of view, the international role of the dollar was a trap.	But from the American view, the international role of the dollar was a trap.
surprise.SMTnews	2012test	0235	3.750	But from the American point of view, the international role of the dollar was a trap.	But from the point of view of the international role was a trap.  
surprise.SMTnews	2012test	0236	5.000	Being a Muslim and being an Islamist are not the same thing.	To be Muslim and Islamiste are two different things.
surprise.SMTnews	2012test	0237	5.000	Only a month ago, Mubarak dismissed demands for constitutional reform as "futile."	Only a month ago, disrupted Muybarak applications of constitutional reform were a ‘ futile ’.
surprise.SMTnews	2012test	0238	4.750	Moreover, the main oil exporters are unwilling to subordinate their investment policies to market requirements.	Moreover, the major oil exporters are not prepared to subject their policies of investment to market rates.
surprise.SMTnews	2012test	0239	5.000	The book's success is itself a sign of a kind of "malaise."	The success of the book is in itself a sign of 'malaise.
surprise.SMTnews	2012test	0240	4.750	The answer lies in the support that Indonesian pro-democracy activists can generate domestically and internationally.	The answer lies in the support that the Indonesian democrats activists will generate domestically and internationally.
surprise.SMTnews	2012test	0241	4.000	But, like the Union itself, it will be built and it will be done.	But just like the European Union itself, that will be built and that will be done.
surprise.SMTnews	2012test	0242	5.000	Putin's Russia has already lost 12 leading journalists to murder in the past six years.	Putin's Russia has already lost 12 prominent journalists, murdered during the past six years.
surprise.SMTnews	2012test	0243	4.714	A Europe for All	A Europe for all
surprise.SMTnews	2012test	0244	3.250	Will it give us the right to divorce the husbands who abandon us?	Their donnerait-elle divorce law spouses who have abandoned them?
surprise.SMTnews	2012test	0245	4.750	Yet a process of de-institutionalization of religious experience is also taking place within Islam.	However, a process of désinstitutionalisation experience of religious also happens within Islam.
surprise.SMTnews	2012test	0246	4.000	Today there are two plausible ways to proceed against a deposed tyrant.	Today there are two plausible ways to a tyrant deposed.
surprise.SMTnews	2012test	0247	3.000	He did, but the initiative did not get very far.	What he has done without the initiative goes too far.
surprise.SMTnews	2012test	0248	4.500	None of this absolves rich countries of their responsibility to help.	This does not release but rich countries of their obligation to help.
surprise.SMTnews	2012test	0249	4.500	None of this absolves rich countries of their responsibility to help.	This does not, however, rich countries emerging from their obligation to help.
surprise.SMTnews	2012test	0250	5.000	Today there are two plausible ways to proceed against a deposed tyrant.	Today there are two ways to proceed plausible towards a tyrant deposed.
surprise.SMTnews	2012test	0251	5.000	But they were necessary.	But they were necessary.
surprise.SMTnews	2012test	0252	4.750	Ahmadinejad is embarking on an adventure; Bernanke is not.	Ahmadinejad has embarque in an adventure, not Bernanke.
surprise.SMTnews	2012test	0253	3.750	But, like the Union itself, it will be built and it will be done.	But just as the European Union itself, and this will happen.
surprise.SMTnews	2012test	0254	4.000	Putin, too, also seems to suspect his regime's impotence.	Putin, also, seems to him to suspect the impotence of its mode.
surprise.SMTnews	2012test	0255	4.500	Indeed, intolerance goes right to the top of the Turkish government.	It is undeniable that intolerance reached to the heights of Turkish Government.
surprise.SMTnews	2012test	0256	4.000	Those who know little about modern factory farming may wonder why such legislation would be necessary.	Perhaps those which do not know the methods of intensive breeding will astonish by the need for such a legislation.
surprise.SMTnews	2012test	0257	4.750	A prominent Chinese businessman who divides his time between Hong-Kong and London was even more specific.	An influential Chinese businessman, who shares his time between Hong Kong and London, was even more specific.
surprise.SMTnews	2012test	0258	4.250	In other areas, sharia law is being introduced by force.	In other areas, Sharia law is imposed.
surprise.SMTnews	2012test	0259	4.750	He did, but the initiative did not get very far.	What it has done without initiative go very far.  
surprise.SMTnews	2012test	0260	4.000	This has left the Conservative opposition without an effective response.	That leaves the opposition and without any effective response.  
surprise.SMTnews	2012test	0261	2.750	But if Europe's performance continues to decline, would this perception survive?	But this image further decline can survive?
surprise.SMTnews	2012test	0262	5.000	But America's interest in Iraqi oil was not driven either by economics or energy policy.	But the interests of America for Iraqi oil is not dictated by the economy or by energy policy.
surprise.SMTnews	2012test	0263	2.250	Some results are remarkable.	Some results.
surprise.SMTnews	2012test	0264	3.750	Gays and other "modern" practices are rejected as self-indulgent.	The gays and others practical “modern” are rejected, because nombrilists.
surprise.SMTnews	2012test	0265	5.000	The old version of the European response--what psychologists might call "dollar envy"--will only become more acute.	The old version of the European reaction (what psychologists call "'s desire dollar") will become more pervasive.
surprise.SMTnews	2012test	0266	3.500	Ahmadinejad is embarking on an adventure; Bernanke is not.	Ahmadinejad is embarking upon an adventure, Bernanke.
surprise.SMTnews	2012test	0267	4.750	Foremost among these is that economic development is largely in the hands of poor nations themselves.	At the forefront of these lessons, one discovers that economic development is largely in the hands of poor Nations themselves.  
surprise.SMTnews	2012test	0268	4.714	A Europe for All	A Europe for all
surprise.SMTnews	2012test	0269	3.500	Gays and other "modern" practices are rejected as self-indulgent.	The gay and other practices "Modern" are rejected, because nombrilistes.
surprise.SMTnews	2012test	0270	3.250	Iraq's future depends directly on the fate of Iraqi oil production.	The future of Iraq is linked to the country.  
surprise.SMTnews	2012test	0271	5.000	The People Versus Putin	The people against Putin
surprise.SMTnews	2012test	0272	5.000	What we are witnessing today is a shift from a Muslim identity to an Islamist identity.	We attend today the change of a Moslem identity for an islamist identity.
surprise.SMTnews	2012test	0273	5.000	Jobs, in particular, will help young people to create new lives through serious work.	Employment, in particular, would help young people to forge new lives through serious employment.
surprise.SMTnews	2012test	0274	3.750	That is the spirit in which the European Constitution must be written.	That is the spirit in which must be drawn up the Constitution.
surprise.SMTnews	2012test	0275	4.000	Moreover, the main oil exporters are unwilling to subordinate their investment policies to market requirements.	Moreover, the major oil exporters are not prepared to submit their investment policies under market conditions.
surprise.SMTnews	2012test	0276	5.000	Ahmadinejad is embarking on an adventure; Bernanke is not.	Ahmadinejad board in an adventure, not Bernanke
surprise.SMTnews	2012test	0277	4.250	Foremost among these is that economic development is largely in the hands of poor nations themselves.	The first of these lessons, we discovered that economic development is largely left in the hands of poor nations themselves.
surprise.SMTnews	2012test	0278	3.750	In other areas, sharia law is being introduced by force.	In other areas, the charia is imposed.
surprise.SMTnews	2012test	0279	4.000	Being a Muslim and being an Islamist are not the same thing.	Etre Muslim and be Islamic are two different things.
surprise.SMTnews	2012test	0280	3.500	He did, but the initiative did not get very far.	What happened the initiative does not go very far.
surprise.SMTnews	2012test	0281	4.800	They are ignorant, poor, and sick.	They are poor, sick and uncultivated.
surprise.SMTnews	2012test	0282	4.000	It then appointed a task force to formulate the necessary changes in tax and spending policies.	It then named an work group charged to formulate the changes necessary to bring to the policies public expenditure and to the fiscal policies.
surprise.SMTnews	2012test	0283	5.000	The bottom line is that when interest rates rise, asset values will fall.	The bottom line is that when interest rates go up, the values of credit fall.
surprise.SMTnews	2012test	0284	4.250	But, like the Union itself, it will be built and it will be done.	But like the EU itself, this will be built and this will happen.
surprise.SMTnews	2012test	0285	5.000	The old version of the European response--what psychologists might call "dollar envy"--will only become more acute.	The former version of the European reaction (what psychologists call ‘ envy the dollar ’) will only most perceptively.
surprise.SMTnews	2012test	0286	4.800	The questions are many.	There are many questions.
surprise.SMTnews	2012test	0287	4.750	Putin, too, also seems to suspect his regime's impotence.	Putin, too, seems accuse the powerlessness of his regime.
surprise.SMTnews	2012test	0288	4.500	This tendency extends deeper than headscarves.	This trend goes well beyond simple scarves.
surprise.SMTnews	2012test	0289	4.000	Will it give us the right to divorce the husbands who abandon us?	Their would give the right to divorce the husbands who would have given up them?
surprise.SMTnews	2012test	0290	5.000	It then appointed a task force to formulate the necessary changes in tax and spending policies.	It was then appointed a working party to make the necessary changes to policies of public spending and tax policies.
surprise.SMTnews	2012test	0291	4.600	They are ignorant, poor, and sick.	They are uncultivated, poor and sick.
surprise.SMTnews	2012test	0292	4.750	It then appointed a task force to formulate the necessary changes in tax and spending policies.	Then he appointed a working party to make the necessary changes to the policies of public spending and fiscal policies.
surprise.SMTnews	2012test	0293	5.000	But the returns that make US stock markets so attractive reflect a delicate political balance.	But the returns which make markets American Securities so attractive reflect a fragile political balance.
surprise.SMTnews	2012test	0294	5.000	The People Versus Putin	The people against Putin
surprise.SMTnews	2012test	0295	4.500	Indeed, the French philosopher Marcel Gauchet entitled a recent book Democracy Against Itself.	They may also note that the French philosopher Marcel Gauchet called one of these recent its democracy against itself.  
surprise.SMTnews	2012test	0296	4.500	This tendency extends deeper than headscarves.	This tendency goes well beyond the simple scarves.
surprise.SMTnews	2012test	0297	5.000	But America's interest in Iraqi oil was not driven either by economics or energy policy.	But America's interest for Iraqi oil is not dictated by the economy or by energy policy.
surprise.SMTnews	2012test	0298	3.500	Ahmadinejad is embarking on an adventure; Bernanke is not.	Ahmadinejad boards in an adventure, then.  
surprise.SMTnews	2012test	0299	4.750	But America's interest in Iraqi oil was not driven either by economics or energy policy.	But America's interest to Iraqi oil is not dictated by the economy or by energy policy.
surprise.SMTnews	2012test	0300	3.500	The answer lies in the support that Indonesian pro-democracy activists can generate domestically and internationally.	The answer lies in the support that all will be able to generate nationally and internationally.  
surprise.SMTnews	2012test	0301	4.500	More than that, the divisions are reproduced at the local level.	Beyond the geographical division, the divisions occur at local level.
surprise.SMTnews	2012test	0302	4.250	The bottom line is that when interest rates rise, asset values will fall.	The important thing is that when interest rates amount, the values of the active fall.
surprise.SMTnews	2012test	0303	5.000	Today's great Pax Europa and today's pan-European prosperity depend on this.	Big Pax Europe of today, like current prosperity pan-European, depends on it.
surprise.SMTnews	2012test	0304	2.500	But if Europe's performance continues to decline, would this perception survive?	But this picture can survive a continuing decline?
surprise.SMTnews	2012test	0305	4.250	In other areas, sharia law is being introduced by force.	In other regions, the sharia is imposed.
surprise.SMTnews	2012test	0306	4.250	The president has fewer powers than it seems, overshadowed particularly by Supreme Guide Ayatollah Ali Khamenei.	President has fewer powers than it appears to be, and it is this particuli rement overshadowed by the guide supr to me Ayatollah Ali Khamenei.
surprise.SMTnews	2012test	0307	4.400	Other ways are needed.	We must find other ways.
surprise.SMTnews	2012test	0308	4.750	A prominent Chinese businessman who divides his time between Hong-Kong and London was even more specific.	A man of influential, which shares his time between Hong Kong and London, has even been more precise.  
surprise.SMTnews	2012test	0309	4.800	They are ignorant, poor, and sick.	They are poor, sick and uncultivated.
surprise.SMTnews	2012test	0310	3.750	A defeat on Alstom would have profound consequences in Europe--and not only for competition policy.	Waste on the question of the Alstom Group would have serious repercussions in Europe and not only for the policies on competition.  
surprise.SMTnews	2012test	0311	5.000	Indeed, the French philosopher Marcel Gauchet entitled a recent book Democracy Against Itself.	We can also see that the French philosopher Marcel Gauchet entitled one recent books democracy against itself.
surprise.SMTnews	2012test	0312	4.750	Each side had quite different theories and explanations of what was going on.	Each protagonist had appreciably different theories and explanations on the situation.
surprise.SMTnews	2012test	0313	4.750	The book's success is itself a sign of a kind of "malaise."	The success of the book is in itself a sign of ‘ malaise. "
surprise.SMTnews	2012test	0314	4.200	More than that, the divisions are reproduced at the local level.	Beyond geographical division, divisions reproduce at the local level.
surprise.SMTnews	2012test	0315	5.000	And, perhaps most importantly, Ahmadinejad is a destabilizing influence; Bernanke is not.	And, perhaps most importantly, Ahmadinejad influence destabilizing, not Bernanke.
surprise.SMTnews	2012test	0316	4.600	Other ways are needed.	Other means should be found.
surprise.SMTnews	2012test	0317	4.750	This has left the Conservative opposition without an effective response.	This leaves opposition Conservative without effective response.
surprise.SMTnews	2012test	0318	4.750	Moreover, the main oil exporters are unwilling to subordinate their investment policies to market requirements.	What is more, the large oil exporters are not prepared to submit their investment policies to market conditions.
surprise.SMTnews	2012test	0319	4.500	Only a month ago, Mubarak dismissed demands for constitutional reform as "futile."	Only a month ago, muybarak écartait for constitutional reform in the taxing of "futile.
surprise.SMTnews	2012test	0320	3.250	The book's success is itself a sign of a kind of "malaise."	The success of the book constitutes in itself a sign of “faintness”.
surprise.SMTnews	2012test	0321	4.400	Other ways are needed.	We must find other ways.
surprise.SMTnews	2012test	0322	4.500	Jobs, in particular, will help young people to create new lives through serious work.	Employment, in particular, would help the young people to forge new lives thanks to serious employment.
surprise.SMTnews	2012test	0323	4.500	Putin, too, also seems to suspect his regime's impotence.	Putin, too, seems suspicion powerlessness of his regime.
surprise.SMTnews	2012test	0324	4.000	This gross error is leading Russia to political ruin.	And this great mistake is Russia to ruin its policy.
surprise.SMTnews	2012test	0325	4.333	Each time, radical improvements in technology made the threat evaporate.	Each time, of radicals technological advancements made fly away these threats.
surprise.SMTnews	2012test	0326	5.000	But they were necessary.	But they were necessary.
surprise.SMTnews	2012test	0327	5.000	A Europe for All	A Europe for all  
surprise.SMTnews	2012test	0328	5.000	But they were necessary.	But they were needed.  
surprise.SMTnews	2012test	0329	4.750	This is a clear if implicit repudiation of Mubarak, the sole ruler for 24 years.	It has been an implicit but clear repudiation of Mubarak, only Head of State for 24 years.
surprise.SMTnews	2012test	0330	4.750	Each side had quite different theories and explanations of what was going on.	Every leader had theories and markedly different explanations regarding the situation.
surprise.SMTnews	2012test	0331	5.000	What we are witnessing today is a shift from a Muslim identity to an Islamist identity.	We are now witnessing the change of Muslim identity for an Islamic identity.
surprise.SMTnews	2012test	0332	4.000	More than that, the divisions are reproduced at the local level.	Beyond the geographical division, the divisions recur at local level.
surprise.SMTnews	2012test	0333	4.750	A defeat on Alstom would have profound consequences in Europe--and not only for competition policy.	Losing of Alstom would have serious repercussions in Europe and not just for policies on competition.
surprise.SMTnews	2012test	0334	4.500	This is a clear if implicit repudiation of Mubarak, the sole ruler for 24 years.	This is an implicit but clear répudiation of Mubarak, only Head of State for 24 years.
surprise.SMTnews	2012test	0335	4.500	The book's success is itself a sign of a kind of "malaise."	The success of the paper is itself a sign of malaise ".
surprise.SMTnews	2012test	0336	4.250	A defeat on Alstom would have profound consequences in Europe--and not only for competition policy.	To lose on the question of Alstom would have serious effects in Europe and not only for the policies on competition.
surprise.SMTnews	2012test	0337	4.750	Yet a process of de-institutionalization of religious experience is also taking place within Islam.	However, a process of desinstitutionalisation of the religious experiment also occurs within Islam.
surprise.SMTnews	2012test	0338	5.000	Ahmadinejad is embarking on an adventure; Bernanke is not.	Ahmadinejad embarks in an adventure, not Bernanke.
surprise.SMTnews	2012test	0339	4.750	That is the spirit in which the European Constitution must be written.	Such is the spirit in which must be elaborate the European Constitution.
surprise.SMTnews	2012test	0340	4.250	But from the American point of view, the international role of the dollar was a trap.	But the view us the international role of the dollar was a trap.
surprise.SMTnews	2012test	0341	3.600	Last year he was wanted for murder.	Last year it was sought for murder.
surprise.SMTnews	2012test	0342	3.600	Last year he was wanted for murder.	Last year it was sought for murder.
surprise.SMTnews	2012test	0343	2.750	And, perhaps most importantly, Ahmadinejad is a destabilizing influence; Bernanke is not.	And, perhaps the most important, the destabilising influence, not then.  
surprise.SMTnews	2012test	0344	5.000	Being a Muslim and being an Islamist are not the same thing.	To be Moslem and be Islamiste are two different things.
surprise.SMTnews	2012test	0345	3.750	The bottom line is that when interest rates rise, asset values will fall.	The most important thing, however, is that when the rate of interest, the values.  
surprise.SMTnews	2012test	0346	4.200	More than that, the divisions are reproduced at the local level.	Beyond geographical division, divisions reproduce at the local level.
surprise.SMTnews	2012test	0347	3.500	Will it give us the right to divorce the husbands who abandon us?	Their donnerait-elle divorce law spouses who would have abandoned?
surprise.SMTnews	2012test	0348	4.000	Tocqueville believed that there are no effective long-term constraints on this tendency.	Tocqueville believed that in the long term, nothing can really object to this trend.
surprise.SMTnews	2012test	0349	5.000	But they were necessary.	But they were necessary.
surprise.SMTnews	2012test	0350	5.000	Iraq's future depends directly on the fate of Iraqi oil production.	The future of Iraq is linked to the oil production in the country.
surprise.SMTnews	2012test	0351	5.000	This has left the Conservative opposition without an effective response.	This leaves the conservative opposition without any effective response.
surprise.SMTnews	2012test	0352	5.000	Iraq's future depends directly on the fate of Iraqi oil production.	Iraq's future is linked to oil production of the country.
surprise.SMTnews	2012test	0353	5.000	But the returns that make US stock markets so attractive reflect a delicate political balance.	But the returns that make us markets of securities if attractive reflect a fragile political balance.
surprise.SMTnews	2012test	0354	5.000	Yet a process of de-institutionalization of religious experience is also taking place within Islam.	However, a process of deinstitutionalisation of religious experience also happens within Islam.
surprise.SMTnews	2012test	0355	4.750	Putin, too, also seems to suspect his regime's impotence.	Putin, too, seems to suspect the powerlessness of his regime.
surprise.SMTnews	2012test	0356	4.250	None of this absolves rich countries of their responsibility to help.	That does not, however, the rich countries of their obligation to help.  
surprise.SMTnews	2012test	0357	5.000	Today's great Pax Europa and today's pan-European prosperity depend on this.	The great Pax Europe of today, as prosperity pan-European today, depends on it.
surprise.SMTnews	2012test	0358	4.500	Indeed, intolerance goes right to the top of the Turkish government.	It is undeniable that intolerance reached until the tops of the Turkish government.
surprise.SMTnews	2012test	0359	3.250	Moreover, the main oil exporters are unwilling to subordinate their investment policies to market requirements.	What is more, the situation of oil are not prepared to submit their policies of investment to market conditions.  
surprise.SMTnews	2012test	0360	5.000	This gross error is leading Russia to political ruin.	And this important mistaken is leading Russia to its political ruin.
surprise.SMTnews	2012test	0361	4.500	Pro-market economists don't object to corporations that blatantly use snob appeal to promote their products.	Economists pro market does not oppose companies which use openly the attractiveness of luxury to promote their products.
surprise.SMTnews	2012test	0362	4.500	The president has fewer powers than it seems, overshadowed particularly by Supreme Guide Ayatollah Ali Khamenei.	The President has fewer powers than it they may seem, special to reviving is special to reviving overshadowed by guide supreme to me the Ayatollah Ali Khamenei.
surprise.SMTnews	2012test	0363	4.800	The questions are many.	There are many questions.
surprise.SMTnews	2012test	0364	5.000	A prominent Chinese businessman who divides his time between Hong-Kong and London was even more specific.	A businessman Chinese influential, who share his time between Hong Kong and London, was even more precise.
surprise.SMTnews	2012test	0365	4.500	Foremost among these is that economic development is largely in the hands of poor nations themselves.	On top of these lessons, we discover that economic development is left largely in the hands of poor nations themselves.
surprise.SMTnews	2012test	0366	5.000	The People Versus Putin	The people against Putin
surprise.SMTnews	2012test	0367	4.750	That is the spirit in which the European Constitution must be written.	That is the spirit in which must be developed the European Constitution.
surprise.SMTnews	2012test	0368	5.000	Some results are remarkable.	Some results are remarkable.
surprise.SMTnews	2012test	0369	4.750	This is a clear if implicit repudiation of Mubarak, the sole ruler for 24 years.	It has been an implicit but clear repudiation of Mubarak, only Head of State for 24 years.
surprise.SMTnews	2012test	0370	5.000	But from the American point of view, the international role of the dollar was a trap.	But the US point of view, the international role of the dollar was a trap.
surprise.SMTnews	2012test	0371	4.000	The old version of the European response--what psychologists might call "dollar envy"--will only become more acute.	The former version of the European reaction (the desire called "the desire of the") ”.  
surprise.SMTnews	2012test	0372	4.750	Pro-market economists don't object to corporations that blatantly use snob appeal to promote their products.	The economists pro-market do not oppose the companies which openly use the attraction of the luxury to promote their products.
surprise.SMTnews	2012test	0373	5.000	Ahmadinejad is embarking on an adventure; Bernanke is not.	Ahmadinejad are embarking on an adventure, not bernanke.
surprise.SMTnews	2012test	0374	3.750	More than that, the divisions are reproduced at the local level.	Beyond the geographical division, at local level.  
surprise.SMTnews	2012test	0375	4.750	Indeed, intolerance goes right to the top of the Turkish government.	It is undeniable that intolerance reached summits of the Turkish Government.
surprise.SMTnews	2012test	0376	2.250	The Political Stock Market	The politization of the markets of the transferable securities
surprise.SMTnews	2012test	0377	5.000	Iraq's future depends directly on the fate of Iraqi oil production.	The future of Iraq is linked to oil production.
surprise.SMTnews	2012test	0378	4.500	This tendency extends deeper than headscarves.	This trend goes well beyond simple scarves.
surprise.SMTnews	2012test	0379	4.500	Indeed, intolerance goes right to the top of the Turkish government.	It is undeniable that intolerance reached until the heights of the Turkish Government.
surprise.SMTnews	2012test	0380	4.667	Indeed, the French philosopher Marcel Gauchet entitled a recent book Democracy Against Itself.	We can also note that the French philosopher, Marcel Gauchet has called one of these recent books Democracy against itself.
surprise.SMTnews	2012test	0381	5.000	Being a Muslim and being an Islamist are not the same thing.	To be Muslim and Islamic are two different things.
surprise.SMTnews	2012test	0382	4.250	In other areas, sharia law is being introduced by force.	In other regions, the sharia is imposed.
surprise.SMTnews	2012test	0383	4.667	Indeed, the French philosopher Marcel Gauchet entitled a recent book Democracy Against Itself.	One can also note that the French philosopher Marcel Gauchet entitled one of these recent books the democracy against itself.
surprise.SMTnews	2012test	0384	5.000	Iraq's future depends directly on the fate of Iraqi oil production.	The future of Iraq is linked to the oil production.
surprise.SMTnews	2012test	0385	4.750	In other areas, sharia law is being introduced by force.	In other regions, the Sharia is imposed.
surprise.SMTnews	2012test	0386	5.000	What we are witnessing today is a shift from a Muslim identity to an Islamist identity.	We are witnessing today to change a Muslim identity for an Islamic identity.
surprise.SMTnews	2012test	0387	4.000	Those who know little about modern factory farming may wonder why such legislation would be necessary.	Those who do not know the intensive farming methods will be astonished perhaps the need for such legislation.
surprise.SMTnews	2012test	0388	4.500	Indeed, the French philosopher Marcel Gauchet entitled a recent book Democracy Against Itself.	We can also note that the French philosopher Marcel Gauchet entitled the recent books against democracy itself.
surprise.SMTnews	2012test	0389	2.250	This tendency extends deeper than headscarves.	This tendency goes well beyond simple.  
surprise.SMTnews	2012test	0390	3.750	This is a clear if implicit repudiation of Mubarak, the sole ruler for 24 years.	It is an implicit but but clearly, the head of State for 24 years.  
surprise.SMTnews	2012test	0391	5.000	But they were necessary.	But they were necessary.
surprise.SMTnews	2012test	0392	3.000	But US stock prices fell only 5.2% between May 9 and May 24.	However, the American courts accused a reduction of 5.2% between 9 and on 24 May.
surprise.SMTnews	2012test	0393	4.750	The bottom line is that when interest rates rise, asset values will fall.	The key is that when interest rates go up, the values of active fall.
surprise.SMTnews	2012test	0394	4.750	A defeat on Alstom would have profound consequences in Europe--and not only for competition policy.	Losing on the issue of Alstom would have serious repercussions in Europe and not only for the policies on competition.
surprise.SMTnews	2012test	0395	4.500	Tocqueville believed that there are no effective long-term constraints on this tendency.	Tocqueville thought that on the long run, nothing can be really opposed to this tendency.
surprise.SMTnews	2012test	0396	1.000	Will it give us the right to divorce the husbands who abandon us?	A couple who have left?  
surprise.SMTnews	2012test	0397	3.250	But US stock prices fell only 5.2% between May 9 and May 24.	However, the Americans have accused that lower 5.2% between 9 and on 24 May.
surprise.SMTnews	2012test	0398	3.500	He did, but the initiative did not get very far.	What it did without the initiative not going very far.
